allele,Instability_avg,Uniqueness,Novelty,Diversity
HLA-A*01:01,26.394998397435902,1.0,0.7120891341983858,0.6471843121036658
HLA-A*02:01,40.266916824494956,1.0,0.7206137960227197,0.6555127891821422
HLA-A*02:02,37.37913194444445,1.0,0.7291617334888114,0.6748207885304649
HLA-A*02:03,27.76869965277778,1.0,0.7252130545134456,0.65679723502304
HLA-A*02:04,38.76421875,1.0,0.7042968749999999,0.6245463709677412
HLA-A*02:05,29.537222222222226,1.0,0.7042223936899858,0.6529345878136188
HLA-A*02:06,34.951802083333334,1.0,0.723457601550348,0.6416442652329736
HLA-A*02:07,39.46412847222223,1.0,0.6422265689683748,0.5434363799283146
HLA-A*02:11,41.95326388888889,1.0,0.7155124967624917,0.6675627240143354
HLA-A*02:12,33.7934375,1.0,0.7115245140702049,0.6541218637992816
HLA-A*02:16,36.501111111111115,1.0,0.7164301310043988,0.6601702508960554
HLA-A*02:17,33.59940277777778,1.0,0.6744413807189323,0.638709677419353
HLA-A*02:19,35.213576388888896,1.0,0.7077729044834427,0.6689068100358406
HLA-A*02:50,33.579166666666666,1.0,0.7098548689138597,0.6646505376344067
HLA-A*03:01,23.96857638888889,1.0,0.7302334559610513,0.7021953405017911
HLA-A*03:02,32.391540404040406,1.0,0.7468836088154258,0.6602965135223189
HLA-A*03:19,33.88138888888889,1.0,0.734027777777774,0.682571684587812
HLA-A*11:01,29.303645833333334,1.0,0.7293052865753306,0.6885528673835114
HLA-A*11:02,21.73888888888889,1.0,0.7517361111111103,0.6823476702508944
HLA-A*23:01,33.31992708333334,1.0,0.7385512408524232,0.6703853046594974
HLA-A*24:02,48.82902777777778,1.0,0.7437851584088289,0.6730510752688165
HLA-A*24:03,52.35565972222223,1.0,0.7137218291404553,0.6624103942652309
HLA-A*25:01,24.617708333333333,1.0,0.700017146776408,0.6796594982078838
HLA-A*26:01,38.55965787684538,1.0,0.7275560270935594,0.6722098466050068
HLA-A*26:02,36.17813446969697,1.0,0.7178775603254967,0.6852598566308229
HLA-A*26:03,36.23795138888889,1.0,0.7214809612983792,0.7040770609318981
HLA-A*29:02,37.02563652146465,1.0,0.731905619826608,0.6731865021179524
HLA-A*30:01,43.71996527777778,1.0,0.7358289009342731,0.7106742831541211
HLA-A*30:02,38.14264716880342,1.0,0.7286008883481205,0.6834436173145841
HLA-A*31:01,41.52732291666667,1.0,0.7432047690722926,0.6531586021505364
HLA-A*32:01,45.36626893939393,1.0,0.7316878964733208,0.6932714239165846
HLA-A*32:07,30.576041666666665,1.0,0.7401021711366582,0.7132616487455183
HLA-A*32:15,35.98690972222222,1.0,0.7138984018264862,0.6971326164874543
HLA-A*33:01,39.01585416666667,1.0,0.749565143826966,0.6568996415770595
HLA-A*66:01,17.131449652777782,1.0,0.7413020833333321,0.7221550179211462
HLA-A*68:01,41.413576388888885,1.0,0.7422807437874868,0.6681787634408585
HLA-A*68:02,27.45714285714286,1.0,0.7469264592928818,0.7069604454685094
HLA-A*68:23,31.50434027777778,1.0,0.7343495934959401,0.6480734767025068
HLA-A*69:01,26.131631944444447,1.0,0.7338903669632698,0.6946684587813607
HLA-A*74:01,27.544131944444445,1.0,0.7546296296296293,0.6718189964157686
HLA-A*80:01,34.929097222222225,1.0,0.6864544753086699,0.6370967741935469
HLA-B*07:02,73.24513415404041,1.0,0.7128609667468857,0.6724727109807744
HLA-B*08:01,59.143055555555556,1.0,0.7127011273790039,0.6473118279569876
HLA-B*08:02,125.18475694444446,1.0,0.6470352564102628,0.553539426523296
HLA-B*08:03,94.74121527777777,1.0,0.7075086805555535,0.6322132616487435
HLA-B*13:02,42.015093750000005,1.0,0.703125,0.7102822580645158
HLA-B*14:01,31.63069444444445,1.0,0.6728918650793659,0.6574372759856618
HLA-B*14:02,47.3264898989899,1.0,0.734126566591845,0.67047083740632
HLA-B*15:01,47.45871527777778,1.0,0.7455768608484181,0.6906362007168445
HLA-B*15:02,41.758402777777775,1.0,0.7254235618597462,0.688172043010751
HLA-B*15:03,41.41528724747475,1.0,0.7398407801981184,0.6923448191593344
HLA-B*15:09,43.95628472222222,1.0,0.7189499158249277,0.6776433691756256
HLA-B*15:10,45.991666666666674,1.0,0.668402777777778,0.685259856630823
HLA-B*15:17,39.54756944444445,1.0,0.7406365575041666,0.6971326164874536
HLA-B*15:42,42.4025,1.0,0.7365451388888877,0.7186379928315403
HLA-B*18:01,30.946134785353536,1.0,0.7263484721702929,0.6748268980123808
HLA-B*27:01,63.15055602904041,1.0,0.7065123895202005,0.6698756720430099
HLA-B*27:02,101.5479045138889,1.0,0.6955284617003349,0.6175347222222207
HLA-B*27:03,93.67029987373738,1.0,0.6839128590593428,0.6459677419354823
HLA-B*27:04,52.13646148989899,1.0,0.6924019406016688,0.6127021220267173
HLA-B*27:05,82.34559027777777,1.0,0.713292718439116,0.6484044069729538
HLA-B*27:06,75.59263494318182,1.0,0.7071017690199872,0.6453267554578026
HLA-B*27:09,106.63158143939393,1.0,0.7050662878787883,0.6518817204301064
HLA-B*27:10,102.28365885416667,1.0,0.6213107638888891,0.6025425627240119
HLA-B*27:20,66.97638888888889,1.0,0.67487026862027,0.6386648745519689
HLA-B*35:01,49.883923611111115,1.0,0.7314710671150206,0.6956373207885291
HLA-B*35:03,72.37880700029137,1.0,0.7312346681096709,0.6635874094543439
HLA-B*35:08,60.165625,1.0,0.6129807692307692,0.6118176178660037
HLA-B*37:01,37.05716579861111,1.0,0.7535554108796284,0.7096906565656564
HLA-B*38:01,59.842148832070706,1.0,0.4969465308865024,0.4785434995112412
HLA-B*39:01,48.54352430555556,1.0,0.7192689776326195,0.7025089605734752
HLA-B*39:06,47.081319444444446,1.0,0.7374789562289532,0.7051971326164865
HLA-B*39:09,49.6100276199495,1.0,0.7177951388888886,0.6775960206907772
HLA-B*40:01,40.52920422979798,1.0,0.6987452674256599,0.6400965298142702
HLA-B*40:02,39.38498611111112,1.0,0.7177509835037049,0.6791218637992816
HLA-B*40:13,33.075,1.0,0.7262931034482765,0.7152777777777766
HLA-B*42:01,58.939469672688425,1.0,0.743281841232398,0.6722924812642543
HLA-B*42:02,60.10729166666667,1.0,0.7064043209876523,0.6615143369175611
HLA-B*44:02,36.27020359848485,1.0,0.7237588834080443,0.6858453486477671
HLA-B*44:03,39.45500176039239,1.0,0.7229348981689856,0.6816347015439748
HLA-B*45:01,33.996701388888894,1.0,0.7175328443696587,0.6747983870967729
HLA-B*45:06,37.11496527777778,1.0,0.7064636752136748,0.6971326164874541
HLA-B*46:01,36.56186868686869,1.0,0.7166710744836026,0.6691919191919179
HLA-B*48:01,41.00868055555556,1.0,0.6889799635701385,0.6545698924731164
HLA-B*51:01,56.81180476641415,1.0,0.7129050576051681,0.6545576735092848
HLA-B*52:01,36.890208333333334,1.0,0.7500236742424224,0.6940132168458769
HLA-B*53:01,43.138216540404045,1.0,0.7318520522770802,0.6747800586510251
HLA-B*54:01,44.07284855769231,1.0,0.7268809688688839,0.6713209953129298
HLA-B*55:01,51.20426136363636,1.0,0.7102272727272728,0.6561583577712595
HLA-B*57:01,40.502858270202026,1.0,0.7437750070990383,0.7036748533724333
HLA-B*57:02,39.01423611111112,1.0,0.7195216049382696,0.7150537634408595
HLA-B*57:03,40.227878787878794,1.0,0.7247419043374901,0.7005213424568255
HLA-B*58:01,42.43513888888889,1.0,0.733782272151694,0.6815972222222209
HLA-B*58:02,49.26890625,1.0,0.739277770436927,0.715079728739002
HLA-B*73:01,66.30246527777778,1.0,0.6969246031746029,0.6393369175627219
HLA-B*81:01,66.52923611111112,1.0,0.6928418803418763,0.6256720430107507
HLA-B*83:01,66.36288194444445,1.0,0.6732781582952807,0.641129032258063
HLA-C*03:03,59.91979166666667,1.0,0.6936419753086567,0.6546818996415755
HLA-C*04:01,66.94479166666667,1.0,0.666468253968252,0.6057347670250874
HLA-C*05:01,36.3653125,1.0,0.7158978174603203,0.6868279569892457
HLA-C*06:02,63.26690972222223,1.0,0.7132489378234292,0.6860439068100344
HLA-C*07:01,46.96731944444445,1.0,0.7305921052631559,0.6722446236559125
HLA-C*07:02,39.74565972222223,1.0,0.6948350694444567,0.5996863799283134
HLA-C*08:02,52.65875,1.0,0.7048611111111103,0.6565860215053747
HLA-C*08:03,53.12531250000001,1.0,0.7020833333333332,0.6816532258064508
HLA-C*12:03,43.1396875,1.0,0.7237439986282783,0.7072132616487443
HLA-C*14:02,56.392411616161624,1.0,0.7042595769010993,0.6532848647767993
HLA-C*15:02,38.196250000000006,1.0,0.7210435779816554,0.671370967741934
HLA-E*01:01,48.79697916666667,1.0,0.6458333333333333,0.5445788530465929
HLA-E*01:03,52.02819444444445,1.0,0.6709104938271595,0.5882616487455183
46.82212275793966,1.0,0.7124690175727777,0.6645672363845004,Average
19.06648917008141,0.027291233099736936,0.03406493582188543,Std Dev
